[{"id":"5561920054806@s.whatsapp.net","name":"𝑷͢𝑲𝑩 𝜣͢𝑭 𝑯↯𝑷͢𝑬","age":"5561920054806@s.whatsapp.net","time":"23/03 04:04:15","serial":"a8d50cae2dd8bd0b25e3"},{"id":"393500470360@s.whatsapp.net","name":"Gennarino","age":"393500470360@s.whatsapp.net","time":"23/03 06:11:15","serial":"6af25724eb59a8bb3c39"},{"id":"559885376495@s.whatsapp.net","name":"⏤͟͞𝜟͢𝑺𝑻͢𝑹𝑶͢  𝒁𝜟͢𝑷𝑲𝑲𝑲𝑲 🥉","age":"559885376495@s.whatsapp.net","time":"23/03 07:24:27","serial":"72df9b9521c80ed84cea"},{"id":"5511972232130@s.whatsapp.net","name":"Fernando Pereira","age":"5511972232130@s.whatsapp.net","time":"23/03 07:34:08","serial":"75cf520279fe8f39f45f"},{"id":"5511984452697@s.whatsapp.net","name":"@danieel881","age":"5511984452697@s.whatsapp.net","time":"23/03 07:48:18","serial":"dd48142b1c12b4926756"},{"id":"559885600006@s.whatsapp.net","name":"✞۝ঔৣ𝐊𝐞𝐤𝐞𝐥ঔৣ۝✞","age":"559885600006@s.whatsapp.net","time":"23/03 07:49:45","serial":"7c040176a324bebc7289"},{"id":"559185976086@s.whatsapp.net","name":"♞᭄𝘼𝙏𝘾Fisk","age":"559185976086@s.whatsapp.net","time":"23/03 08:01:15","serial":"fcc46141c3e579a3e715"},{"id":"5514988052973@s.whatsapp.net","name":"Wendel","age":"5514988052973@s.whatsapp.net","time":"23/03 08:15:14","serial":"5d374698dbdeff9695f2"},{"id":"5511986937027@s.whatsapp.net","name":"HRN?","age":"5511986937027@s.whatsapp.net","time":"23/03 08:15:17","serial":"6057d6b95ba690491454"},{"id":"559882819567@s.whatsapp.net","name":"⚡፝⃟༘𝑳𝑰𝑷𝑬 ϴҒ 𝑯𝒀𝑷𝑨𝑫𝑶𝑺×͜×","age":"559882819567@s.whatsapp.net","time":"23/03 08:31:26","serial":"9e44f924f7c5a0bed27d"},{"id":"556184871572@s.whatsapp.net","name":"⇝🐊ꦿꦿ⃔ꪶ卐⃟.𝐆𝐑𝐈𝐍𝐆𝜣፝͢卐⃟.⃟🐊⇝~","age":"556184871572@s.whatsapp.net","time":"23/03 08:31:43","serial":"92035600a286125189e3"},{"id":"559492571150@s.whatsapp.net","name":"◥꧁Ìťāļø §íļvä꧂◤","age":"559492571150@s.whatsapp.net","time":"23/03 08:50:57","serial":"2bd3775442d88ee6d4d0"},{"id":"556791033779@s.whatsapp.net","name":"⸸ 新しい悪魔 ⸸","age":"556791033779@s.whatsapp.net","time":"23/03 08:55:59","serial":"cc9124d9202bcb53656d"},{"id":"5511996886835@s.whatsapp.net","name":"Elly Gewson Campbell 〆🇺🇸٭","age":"5511996886835@s.whatsapp.net","time":"23/03 09:06:22","serial":"8c8a96aca60716127d9d"},{"id":"559285330008@s.whatsapp.net","name":"Wendell Gabriel","age":"559285330008@s.whatsapp.net","time":"23/03 09:46:10","serial":"952f0aa98684d12d969c"},{"id":"559284401428@s.whatsapp.net","name":"⏤͟͟͞͞𝑀𝐹🇯🇵🔥  ᴛɪᴏ ᴇɴᴅᴇᴀᴠᴏʀ ✞","age":"559284401428@s.whatsapp.net","time":"23/03 09:46:13","serial":"50e538b215486ba681bc"},{"id":"5511985918110@s.whatsapp.net","name":"! ＡＲＴＨＵＲ ₓⷪₓᷟₓᷛ","age":"5511985918110@s.whatsapp.net","time":"23/03 09:52:15","serial":"eac7b968d7abe0fad49e"},{"id":"554185043712@s.whatsapp.net","name":"kkk","age":"554185043712@s.whatsapp.net","time":"23/03 10:08:47","serial":"60c4d6fc4c964dca4c36"},{"id":"554187398527@s.whatsapp.net","name":"𝙂̸͟𝘼̸𝘽̸𝙍𝙄̸𝙀̸𝙇̸͞","age":"554187398527@s.whatsapp.net","time":"23/03 10:09:27","serial":"e223e3b0e992b19375d3"},{"id":"555195571228@s.whatsapp.net","name":"Akame","age":"555195571228@s.whatsapp.net","time":"23/03 10:55:10","serial":"d88b7908636c493d6e90"},{"id":"5511941290847@s.whatsapp.net","name":"Pedr","age":"5511941290847@s.whatsapp.net","time":"23/03 11:00:06","serial":"07ac776315a1d6710b5a"},{"id":"554184203682@s.whatsapp.net","name":"Gowther Demonio/Hiro","age":"554184203682@s.whatsapp.net","time":"23/03 11:11:58","serial":"c032a231c67c03b73fc9"},{"id":"559284072568@s.whatsapp.net","name":"𝘾𝙍𝙄𝙓🧃☔","age":"559284072568@s.whatsapp.net","time":"24/03 00:19:07","serial":"3ec763fd5d1e64632b0b"},{"id":"5511965284517@s.whatsapp.net","name":"😡♛    ғ𝐄𝕝เρί𝓷  z/Ł    ✌☹","age":"5511965284517@s.whatsapp.net","time":"24/03 00:38:10","serial":"88e82a77acc1e5ffcaa4"},{"id":"5511986596560@s.whatsapp.net","name":"͢๖ۣۜۜ͜͡ீ͜ П ƚ ℕ Ꮹ Ⴎ 玄 ᘻ❶⓷","age":"5511986596560@s.whatsapp.net","time":"24/03 03:44:14","serial":"3ca2bf5eed39eb8783cb"},{"id":"556195662620@s.whatsapp.net","name":"ᴊʜᴏɴ ʙᴀɪᴀɴɪɴ :ᴘ","age":"556195662620@s.whatsapp.net","time":"24/03 04:11:07","serial":"04dadc2b45e8b495f6e5"},{"id":"556295620702@s.whatsapp.net","name":"Guuuh","age":"556295620702@s.whatsapp.net","time":"24/03 04:43:46","serial":"198b8accd98ed098ea65"},{"id":"553788538734@s.whatsapp.net","name":"🌀🔥ᵖᵃⁱⁿDARK","age":"553788538734@s.whatsapp.net","time":"24/03 04:44:49","serial":"558f2c55a52321cf4f6a"},{"id":"5519991489172@s.whatsapp.net","name":"ঔৣ͜͡LUÏS⁰¹⁹ 𝚯𝐅 𝐃𝐙𝟕⸸🖤","age":"5519991489172@s.whatsapp.net","time":"24/03 04:45:56","serial":"6545dd6a1bb50dd199dd"},{"id":"559885876134@s.whatsapp.net","name":"undefined","age":"559885876134@s.whatsapp.net","time":"24/03 05:29:31","serial":"d5db6bbb6f8c8ef788e7"},{"id":"559891570966@s.whatsapp.net","name":"Fernanda Lopes","age":"559891570966@s.whatsapp.net","time":"24/03 05:52:52","serial":"0c2cebcf8970c77cc0e1"},{"id":"559884865637@s.whatsapp.net","name":"🧚‍♂️BENEDITO DE JESUS SV🧚‍♂️","age":"559884865637@s.whatsapp.net","time":"24/03 06:35:43","serial":"fdffd0753e99eca861e0"},{"id":"5521992975877@s.whatsapp.net","name":"Tio Ban","age":"5521992975877@s.whatsapp.net","time":"24/03 19:04:59","serial":"28cea4ce26f420e6e6d1"},{"id":"556181316353@s.whatsapp.net","name":"๖ۣۜۜ͜͡ ۣۜ𝐸𝑁𝑍Ծ̸✞𝐶𝐻Ծ̸𝐿𝐿Ծ̸","age":"556181316353@s.whatsapp.net","time":"24/03 19:05:53","serial":"9e39e5e4b567557b8442"},{"id":"15803133703@s.whatsapp.net","name":"🚩","age":"15803133703@s.whatsapp.net","time":"24/03 19:06:00","serial":"2221fc9f3186b9fd50ff"},{"id":"558597940209@s.whatsapp.net","name":"Naruto Mecha","age":"558597940209@s.whatsapp.net","time":"24/03 19:18:38","serial":"d774bd264f07e957f3ae"},{"id":"559884039127@s.whatsapp.net","name":"Kaua Edits","age":"559884039127@s.whatsapp.net","time":"24/03 19:18:47","serial":"76e53771372e2e3cd06f"},{"id":"5516991506664@s.whatsapp.net","name":"𝑬𝒅𝒖𝒂𝒓𝒅𝒐 𝑹𝒐𝒔𝒂","age":"5516991506664@s.whatsapp.net","time":"24/03 20:01:45","serial":"b022f4571ebf2c744aa0"},{"id":"5511967862198@s.whatsapp.net","name":"Kennedy🇭🇷","age":"5511967862198@s.whatsapp.net","time":"24/03 20:13:29","serial":"952736282fefd5384404"},{"id":"557798295336@s.whatsapp.net","name":"riquelme","age":"557798295336@s.whatsapp.net","time":"24/03 20:14:04","serial":"bd0db01ebbc5f43ab698"},{"id":"556584624098@s.whatsapp.net","name":"Jiraya","age":"556584624098@s.whatsapp.net","time":"24/03 20:20:59","serial":"e64d36a7104b3d87e141"},{"id":"17432033068@s.whatsapp.net","name":".","age":"17432033068@s.whatsapp.net","time":"24/03 20:33:34","serial":"1aa73ae7cfbceb0a75f3"},{"id":"553191898874@s.whatsapp.net","name":"É o andz","age":"553191898874@s.whatsapp.net","time":"24/03 20:34:58","serial":"c38d2f6767cf1fd61cc6"},{"id":"559892177569@s.whatsapp.net","name":"Daniel Sousa","age":"559892177569@s.whatsapp.net","time":"25/03 04:46:28","serial":"77e3426fb8e74ec67d4f"},{"id":"553597617857@s.whatsapp.net","name":"Luiz Santos🤬🏌️‍♂️","age":"553597617857@s.whatsapp.net","time":"25/03 05:08:24","serial":"8947ef7624ee091e1e7b"},{"id":"555199922402@s.whatsapp.net","name":"⏤͟͟͞͞ 𝐾𝑖𝑛𝑔࿑⃟OfShits✞⃟🥀","age":"555199922402@s.whatsapp.net","time":"25/03 05:18:11","serial":"775fb0a5e9f81d3c728e"},{"id":"5521995671860@s.whatsapp.net","name":";)","age":"5521995671860@s.whatsapp.net","time":"25/03 05:23:53","serial":"4e23e84cbf978665680a"},{"id":"5527996125235@s.whatsapp.net","name":"♞᭄𝘼𝙏𝘾/🇯🇵⃟ꦿ⸼. VS    ͢ 𝐷𝑳🇵🇹","age":"5527996125235@s.whatsapp.net","time":"25/03 06:29:44","serial":"32cbccf60adbb48c3b77"},{"id":"5527995906298@s.whatsapp.net","name":"Vito","age":"5527995906298@s.whatsapp.net","time":"25/03 06:52:01","serial":"634d841390887beaf0c3"},{"id":"554198732982@s.whatsapp.net","name":"ʰᵃᶜᵏ𝑴𝒂𝒓𝒒𝒖𝒊𝒏ᵒᶠ ᵃᵏ","age":"554198732982@s.whatsapp.net","time":"25/03 06:52:17","serial":"c10a392fb28832bd77d6"},{"id":"13863096172@s.whatsapp.net","name":"🎡᭄ꪶꪴꪴ𝙺𝚊𝚔𝚊𝚜𝚑𝚒↯𝐃𝐀↯𝐏𝐒𝐒•.᭄̇🎩🥀","age":"13863096172@s.whatsapp.net","time":"25/03 06:54:59","serial":"650e7f27eeb3683a1eae"},{"id":"557381899672@s.whatsapp.net","name":"ⁱ ᶜ ʰ ⁱ ᵍ ᵒ🌙","age":"557381899672@s.whatsapp.net","time":"25/03 06:58:28","serial":"22addd9abe33d7ddf5d9"},{"id":"556283374286@s.whatsapp.net","name":"𝐎𝐅 |ㄒ卂匚卄|ᶻⁱᵐ𝟏.𝟗.𝟗.𝟐","age":"556283374286@s.whatsapp.net","time":"25/03 07:08:13","serial":"a2e93cbe4890a3b0000c"},{"id":"558191663329@s.whatsapp.net","name":"𝐎𝐅 𝐁𝐀𝐍 |Lucky🚩","age":"558191663329@s.whatsapp.net","time":"25/03 07:38:11","serial":"cc5aef97984283058965"},{"id":"553398240935@s.whatsapp.net","name":"~🌀🔥ᵖᵃⁱⁿ𝙇𝘼𝙒 𝜣𝑭 𝜯𝑪𝑾⛥⃟🥉","age":"553398240935@s.whatsapp.net","time":"25/03 07:38:11","serial":"499a923df29a63c1b370"},{"id":"557998672110@s.whatsapp.net","name":"Lena","age":"557998672110@s.whatsapp.net","time":"25/03 07:44:04","serial":"9380447763a1d298debe"},{"id":"553288845514@s.whatsapp.net","name":"Raul","age":"553288845514@s.whatsapp.net","time":"25/03 07:44:45","serial":"f6874efa71a3339fa618"},{"id":"559985030538@s.whatsapp.net","name":"ᬊ⃔⃕͜⛧𝐓𝐈𝚯 ꪶ͢𝚯𝐓𝐀𝐊𝐔ꫂ𓅪","age":"559985030538@s.whatsapp.net","time":"25/03 07:50:58","serial":"e5b9eb89a1411416446f"},{"id":"556481176902@s.whatsapp.net","name":"@⿻۬◦۪۪̥🌙•𝙱𝚊𝚋𝚢","age":"556481176902@s.whatsapp.net","time":"25/03 08:14:55","serial":"053f0c2fa874d1cc016a"},{"id":"18144249023@s.whatsapp.net","name":"๖ۣۜS๖ۣۜU๖ۣۜB๖ۣۜR๖ۣۜA๖ۣۜS卐","age":"18144249023@s.whatsapp.net","time":"25/03 08:30:14","serial":"2fa7c29bcf68e4e20246"},{"id":"553388137144@s.whatsapp.net","name":"🇧🇷⃢³³ ঔৣ͜͡𝐃𝐀𝐘𝐓 𝐌𝐀𝐑𝐄𝐒𝐈𝐀💻🔥","age":"553388137144@s.whatsapp.net","time":"25/03 08:33:33","serial":"b6fbfac61d2deefe44ab"},{"id":"553398026622@s.whatsapp.net","name":"⍖懸懴懳懘萸敋⍖","age":"553398026622@s.whatsapp.net","time":"25/03 08:38:40","serial":"356f007ec3f74b98b664"},{"id":"558186104986@s.whatsapp.net","name":"꧁ঔৣ☬✞ Clara👽 ✞☬ঔৣ꧂","age":"558186104986@s.whatsapp.net","time":"25/03 08:44:58","serial":"acb6b0efe5e7923e5efe"},{"id":"557588267909@s.whatsapp.net","name":"Lenda","age":"557588267909@s.whatsapp.net","time":"25/03 09:10:25","serial":"03d04865dd9af4030c7d"},{"id":"13607225217@s.whatsapp.net","name":"Levi Macho","age":"13607225217@s.whatsapp.net","time":"25/03 09:25:43","serial":"a4cc85cc22b8a296b655"},{"id":"559892266584@s.whatsapp.net","name":"INDRAZIN DA SENSI","age":"559892266584@s.whatsapp.net","time":"25/03 09:30:27","serial":"fd80a98be28222e2779f"},{"id":"5512997186268@s.whatsapp.net","name":"ꪶ͢令公𝕯 💎【𝕵𝖚𝖑Ɨ𝛩】♪♪","age":"5512997186268@s.whatsapp.net","time":"25/03 09:33:34","serial":"e24c6275923453c28984"},{"id":"558193488729@s.whatsapp.net","name":"Hü Sält","age":"558193488729@s.whatsapp.net","time":"25/03 09:40:36","serial":"fff3ea94a4fad6b31e1d"},{"id":"554791563920@s.whatsapp.net","name":":ீ͜ৡৢ͜͡LÉO ⁰⁰³⛥⃟🥉","age":"554791563920@s.whatsapp.net","time":"25/03 09:42:18","serial":"c75f89c760ee514d9d0e"},{"id":"558896074664@s.whatsapp.net","name":"MARCOS VINICIOS","age":"558896074664@s.whatsapp.net","time":"25/03 09:43:54","serial":"d48c71f78367be20b46c"},{"id":"559885913811@s.whatsapp.net","name":"RAVENO MOD","age":"559885913811@s.whatsapp.net","time":"25/03 09:52:35","serial":"be8ec6188511dda29064"},{"id":"557381044096@s.whatsapp.net","name":"ꪶ͢愛𝑰𝑻𝚲𝑪𝑯𝑰 𝚵𝐍͢𝐂𝚲𝐏𝚵𝑻͢𝚲𝐃𝚯","age":"557381044096@s.whatsapp.net","time":"25/03 10:10:49","serial":"085c06360235b6b41465"},{"id":"553584141660@s.whatsapp.net","name":"Ketty","age":"553584141660@s.whatsapp.net","time":"25/03 10:34:15","serial":"c55474586cea14589597"},{"id":"556784435143@s.whatsapp.net","name":"João Victor","age":"556784435143@s.whatsapp.net","time":"25/03 10:59:22","serial":"43cccd121408a6cb6109"},{"id":"559886028307@s.whatsapp.net","name":"undefined","age":"559886028307@s.whatsapp.net","time":"25/03 20:00:43","serial":"3b86c114b0775163f0d5"},{"id":"5514997461462@s.whatsapp.net","name":"Vitor","age":"5514997461462@s.whatsapp.net","time":"25/03 20:01:22","serial":"25ecddb52438ccbbbb8b"},{"id":"555391807995@s.whatsapp.net","name":"⏤͟͞ঔৣ͡𝐄 𝐎 𝐑𝐄𝐈𝐊𝐊𝐊🥶❄️","age":"555391807995@s.whatsapp.net","time":"25/03 20:25:40","serial":"7e39bdc6e1d86c3f5773"},{"id":"553182406892@s.whatsapp.net","name":"𝔭𝔬𝔩𝔬 𝔵³⁰⁰㊕シ𓆏","age":"553182406892@s.whatsapp.net","time":"25/03 20:30:18","serial":"0731354ae58bdf2ecd37"},{"id":"553183079026@s.whatsapp.net","name":"HB5_ㄚUＫ工爪U尺丹","age":"553183079026@s.whatsapp.net","time":"25/03 20:32:51","serial":"2cac4358e3e49c003524"},{"id":"16672293361@s.whatsapp.net","name":"Tramp","age":"16672293361@s.whatsapp.net","time":"25/03 20:33:49","serial":"716aafcc0a77ca7c2b8f"},{"id":"555191695396@s.whatsapp.net","name":"Lucas","age":"555191695396@s.whatsapp.net","time":"25/03 20:35:39","serial":"7b2c8b8d130f38439672"},{"id":"556584695844@s.whatsapp.net","name":"𝑷𝑪𝑾¹⁵⁷ꪶ𝑫𝑹𝑨𝑿𝑿ꫂ ⽋ᵒᶠ ᵇᵃⁿ","age":"556584695844@s.whatsapp.net","time":"25/03 21:02:04","serial":"d76dc13088e47ba6ca06"},{"id":"553891355119@s.whatsapp.net","name":"🌀🔥ᵖᵃⁱⁿ 𝑫͢𝟑𝑷͢𝑳𝜣͢𝒀 𝜣͢𝑭 𝜯͢𝑪𝑾","age":"553891355119@s.whatsapp.net","time":"25/03 21:02:14","serial":"1de54fc3dae7e0a56ece"},{"id":"554598119500@s.whatsapp.net","name":"Steven","age":"554598119500@s.whatsapp.net","time":"25/03 22:12:20","serial":"2b82b638f3f5cafd5886"},{"id":"555196471530@s.whatsapp.net","name":"✞❥͜🅼🅲🅱🆁 𝔳𝔦𝔫𝔦⇝͜͡🇵🇬ᵛⁱᵖ","age":"555196471530@s.whatsapp.net","time":"25/03 22:12:34","serial":"364b69e0a1e9aa7e436a"},{"id":"552189135728@s.whatsapp.net","name":"Braia 😎🤙","age":"552189135728@s.whatsapp.net","time":"25/03 22:12:44","serial":"49882d519929a7763458"},{"id":"5511962163969@s.whatsapp.net","name":"𝐿𝒾𝒶 𓅛","age":"5511962163969@s.whatsapp.net","time":"25/03 22:12:49","serial":"d62215ef8d7c765190c4"},{"id":"994408440040@s.whatsapp.net","name":"Oculto","age":"994408440040@s.whatsapp.net","time":"25/03 22:21:11","serial":"e007718559e40edfe377"},{"id":"5511968996033@s.whatsapp.net","name":"Gabriel Chaves","age":"5511968996033@s.whatsapp.net","time":"25/03 22:22:23","serial":"858171475f5e3b9877d8"},{"id":"555492458849@s.whatsapp.net","name":"Nick Name","age":"555492458849@s.whatsapp.net","time":"25/03 22:24:24","serial":"6a7d077639dae92d6abc"},{"id":"5511946123724@s.whatsapp.net","name":"꧁ঔৣ☬✞ᙢᗅSᑤᗅᖇᗅᗫᓎ✞☬ঔৣ","age":"5511946123724@s.whatsapp.net","time":"25/03 22:30:22","serial":"154409c80be0ff45cdcd"},{"id":"5527997474077@s.whatsapp.net","name":"João Vitor 🔥","age":"5527997474077@s.whatsapp.net","time":"25/03 22:40:44","serial":"02cca435930de8b5b0d5"},{"id":"558293895881@s.whatsapp.net","name":"💞KEYTE KAROLLINE💞","age":"558293895881@s.whatsapp.net","time":"25/03 22:50:51","serial":"92569a87e90210e99f42"},{"id":"555197400704@s.whatsapp.net","name":"✧͢⃟L✧͢⃟U✧͢⃟A✧͢⃟N","age":"555197400704@s.whatsapp.net","time":"25/03 23:07:12","serial":"67df92507cb5a7310bad"},{"id":"5511946264844@s.whatsapp.net","name":"Thai ✨","age":"5511946264844@s.whatsapp.net","time":"25/03 23:09:09","serial":"df7157c23ac70d0794bc"},{"id":"5513997036941@s.whatsapp.net","name":"Gus Winchester ツ","age":"5513997036941@s.whatsapp.net","time":"26/03 02:43:55","serial":"781a7f8ab8b4fae941d0"},{"id":"557499510904@s.whatsapp.net","name":"∴₰Ⱦꪋℓo፝֯֟ ߷","age":"557499510904@s.whatsapp.net","time":"26/03 03:03:46","serial":"f3fb146db7b218735430"},{"id":"559891673527@s.whatsapp.net","name":"Marcos Eduardo Campos🐲","age":"559891673527@s.whatsapp.net","time":"26/03 03:05:09","serial":"d3d0e1503b9c5a8861ab"},{"id":"5521981285567@s.whatsapp.net","name":"꧁༺ єรtєשเภ ﻮ๏๔ ๓๏๔༻꧂","age":"5521981285567@s.whatsapp.net","time":"26/03 03:11:58","serial":"a5cf714d8c961c3d408b"},{"id":"556481696972@s.whatsapp.net","name":"Thiago","age":"556481696972@s.whatsapp.net","time":"26/03 03:12:19","serial":"58ece3fb03964bd32d1a"},{"id":"558181135729@s.whatsapp.net","name":"✞︎𝑀𝑂𝑁𝑆𝑇𝐸𝑅✞︎","age":"558181135729@s.whatsapp.net","time":"26/03 03:45:35","serial":"8fe5da5a5b23d52dfcbb"},{"id":"15137503529@s.whatsapp.net","name":"Pints","age":"15137503529@s.whatsapp.net","time":"26/03 03:50:05","serial":"c54f8e1241d569708b2c"},{"id":"556593519897@s.whatsapp.net","name":"Dudu","age":"556593519897@s.whatsapp.net","time":"26/03 03:54:09","serial":"9065ab8f3acb6982446a"},{"id":"559284827153@s.whatsapp.net","name":"Juan","age":"559284827153@s.whatsapp.net","time":"26/03 05:03:56","serial":"42a8559799d722801d8f"},{"id":"559886089711@s.whatsapp.net","name":"BRUXO","age":"559886089711@s.whatsapp.net","time":"26/03 06:18:58","serial":"a731f6570d40f78d4e40"},{"id":"559187285964@s.whatsapp.net","name":"Eatwalt⃟🇩🇪","age":"559187285964@s.whatsapp.net","time":"26/03 07:09:25","serial":"1ca47d278ba375518f62"},{"id":"5511984703428@s.whatsapp.net","name":"A©k3®m@n_","age":"5511984703428@s.whatsapp.net","time":"26/03 07:11:04","serial":"818caddffad764dcd588"},{"id":"5511969750152@s.whatsapp.net","name":"卐ㅤᴅ ᴇ ᴜ s ᴀ  ʟ ɪ ᴠ","age":"5511969750152@s.whatsapp.net","time":"26/03 07:11:40","serial":"4ea9ec2cf6ab32c1f7d8"},{"id":"557998247570@s.whatsapp.net","name":"Alessandro","age":"557998247570@s.whatsapp.net","time":"26/03 07:35:51","serial":"a093a0daeab605c83677"},{"id":"557499378470@s.whatsapp.net","name":"_*ĐÏƏĞØ*_~","age":"557499378470@s.whatsapp.net","time":"26/03 07:49:11","serial":"ad95b3539217e533d20a"},{"id":"559991450668@s.whatsapp.net","name":".","age":"559991450668@s.whatsapp.net","time":"26/03 07:52:04","serial":"81bb37d3c146ebf29def"},{"id":"558486234691@s.whatsapp.net","name":"Arthur 🐶","age":"558486234691@s.whatsapp.net","time":"26/03 07:57:37","serial":"a8eaedf4038916808175"},{"id":"18056786835@s.whatsapp.net","name":"Oi","age":"18056786835@s.whatsapp.net","time":"26/03 08:11:34","serial":"75942571958d40e1d136"},{"id":"554491252872@s.whatsapp.net","name":"Sempre Que Vc Ler","age":"554491252872@s.whatsapp.net","time":"26/03 08:31:21","serial":"4d4034a02010a1d91b99"},{"id":"5513996422471@s.whatsapp.net","name":"Leonardo","age":"5513996422471@s.whatsapp.net","time":"26/03 08:32:20","serial":"61b922d01597e50ed4e9"},{"id":"559199717235@s.whatsapp.net","name":".","age":"559199717235@s.whatsapp.net","time":"26/03 09:06:52","serial":"7dd5705e604245b3e68b"},{"id":"554197005491@s.whatsapp.net","name":"Isabella Fabricio","age":"554197005491@s.whatsapp.net","time":"26/03 09:28:03","serial":"c2a907e30c36e8813575"},{"id":"5522998928976@s.whatsapp.net","name":"BOSS","age":"5522998928976@s.whatsapp.net","time":"26/03 10:30:10","serial":"2329e2f6f46e20d6c826"},{"id":"557799432398@s.whatsapp.net","name":"TK Zzz","age":"557799432398@s.whatsapp.net","time":"26/03 10:41:53","serial":"6da4f601095934e45a53"},{"id":"553182753454@s.whatsapp.net","name":"Billie","age":"553182753454@s.whatsapp.net","time":"26/03 10:44:39","serial":"36b9d9b3b150aeceb6bd"},{"id":"15135408867@s.whatsapp.net","name":"a","age":"15135408867@s.whatsapp.net","time":"26/03 10:47:34","serial":"dd4a813f1dc5468533c9"},{"id":"5511968610803@s.whatsapp.net","name":"GDO🐍🇧🇷EsPCEx Neko.Chan🇧🇷🐱","age":"5511968610803@s.whatsapp.net","time":"26/03 10:47:41","serial":"6998304f6040bc1dc98d"},{"id":"555596811426@s.whatsapp.net","name":"🇩🇪𝐆𝐇𝐎𝐒𝐓 Jimmy✞︎✞︎ఌ︎🇩🇪ꦿ","age":"555596811426@s.whatsapp.net","time":"26/03 11:42:33","serial":"364d2c5b7e034ac327b9"},{"id":"553171172781@s.whatsapp.net","name":"yGødZ","age":"553171172781@s.whatsapp.net","time":"26/03 11:52:19","serial":"052fb201849a34c8081c"},{"id":"552792684792@s.whatsapp.net","name":"𝓚𝓲𝔩𝔩𝔲𝔞 𝓢𝓮𝓷𝓹𝓪𝓲","age":"552792684792@s.whatsapp.net","time":"26/03 12:46:41","serial":"1d833e1f034a8a5eb516"},{"id":"559991307426@s.whatsapp.net","name":"Yusuke","age":"559991307426@s.whatsapp.net","time":"26/03 14:26:24","serial":"a796fef87475c51e1602"},{"id":"5515981096820@s.whatsapp.net","name":"Princesa Do Sharingan🌹","age":"5515981096820@s.whatsapp.net","time":"26/03 16:09:14","serial":"396ae09ee7d5c7fe7372"},{"id":"5511969983625@s.whatsapp.net","name":"Kauã Gabriel","age":"5511969983625@s.whatsapp.net","time":"26/03 16:12:47","serial":"7dffa3aa88a5522562aa"},{"id":"558592935452@s.whatsapp.net","name":"ᴀͤɴͥɴᷠᴋᷤʟͭɪͤɴͥ_ᷠ_☭","age":"558592935452@s.whatsapp.net","time":"26/03 16:47:15","serial":"123ff3b7747a7579ac4b"},{"id":"556681053408@s.whatsapp.net","name":"KAKASHI","age":"556681053408@s.whatsapp.net","time":"26/03 19:00:09","serial":"854d3867b8cae0ff3903"},{"id":"13607175407@s.whatsapp.net","name":"Magnitude Modas","age":"13607175407@s.whatsapp.net","time":"26/03 19:13:27","serial":"adcea402a560c3908797"},{"id":"556592162838@s.whatsapp.net","name":"tavin.vfx","age":"556592162838@s.whatsapp.net","time":"26/03 19:14:50","serial":"f26796573428adf0b62e"},{"id":"558899373839@s.whatsapp.net","name":"Marco","age":"558899373839@s.whatsapp.net","time":"26/03 19:21:12","serial":"43af3b2e526aafa5cedd"},{"id":"5514998302102@s.whatsapp.net","name":"Emanuel Sandoval","age":"5514998302102@s.whatsapp.net","time":"26/03 19:29:00","serial":"fbe769a23895cd7eb842"},{"id":"14809992644@s.whatsapp.net","name":"𝐀 𝐍 𝐀 𝐗 👽","age":"14809992644@s.whatsapp.net","time":"26/03 20:40:39","serial":"5b1c56ec93e4b012f4ed"},{"id":"559193207343@s.whatsapp.net","name":"ツ𝐘 𝐔 𝐑 𝐈 𝐗","age":"559193207343@s.whatsapp.net","time":"26/03 20:57:23","serial":"49001e6ec9b645db6dcd"},{"id":"12232143106@s.whatsapp.net","name":"ADM","age":"12232143106@s.whatsapp.net","time":"26/03 21:17:33","serial":"1d04950c6a004c08fee8"},{"id":"5516992907745@s.whatsapp.net","name":"Ezequiel","age":"5516992907745@s.whatsapp.net","time":"26/03 21:18:35","serial":"e95eb15e030c7582284a"},{"id":"558694726271@s.whatsapp.net","name":"𝑲𝑹𝑨𝑻𝑶𝑺𝑿  𝑬𝑫𝑰𝑻𝑺🥀","age":"558694726271@s.whatsapp.net","time":"26/03 21:32:10","serial":"28bf15a8491f19e09848"},{"id":"5514997872723@s.whatsapp.net","name":"ᴠᴀɴͭxͪᴏͤᴢʏ","age":"5514997872723@s.whatsapp.net","time":"26/03 21:45:56","serial":"ba0e1f426947a33954ff"},{"id":"553799614460@s.whatsapp.net","name":"Joseph","age":"553799614460@s.whatsapp.net","time":"26/03 21:46:12","serial":"86c5da2493206de71116"},{"id":"556199617428@s.whatsapp.net","name":"GAMATAXI🏴‍☠️","age":"556199617428@s.whatsapp.net","time":"26/03 21:46:50","serial":"0363221d154d0b87c875"},{"id":"558592229785@s.whatsapp.net","name":"Euuuu","age":"558592229785@s.whatsapp.net","time":"26/03 23:29:22","serial":"d8d46a1ab91d9f0666d0"},{"id":"559491458852@s.whatsapp.net","name":"🖥️⚖️🔥⏤͟͟͞͞𝙼𝙸𝙽𝙸 𝙱𝙻𝙰𝙲𝙺¹⁴🐊⚡","age":"559491458852@s.whatsapp.net","time":"26/03 23:29:28","serial":"4dfca7f0bd77b5ad1d9a"},{"id":"5511943282916@s.whatsapp.net","name":"darllan","age":"5511943282916@s.whatsapp.net","time":"27/03 02:43:43","serial":"c191f54cadc2a42e5d9d"},{"id":"557491342636@s.whatsapp.net","name":"Resen","age":"557491342636@s.whatsapp.net","time":"27/03 21:44:18","serial":"874dbd4be893b3588743"},{"id":"556198042656@s.whatsapp.net","name":"༒😎࿕𝑴𝑪𝑵@࿕😎༒","age":"556198042656@s.whatsapp.net","time":"27/03 21:45:53","serial":"12c144e3a32e476bd9db"},{"id":"557491973594@s.whatsapp.net","name":"PDP","age":"557491973594@s.whatsapp.net","time":"27/03 22:43:20","serial":"d3b0e570fc23d02daddd"},{"id":"557182337638@s.whatsapp.net","name":"꧁B̸R̸𝐴B̸𝑂X̸꧂","age":"557182337638@s.whatsapp.net","time":"27/03 22:51:36","serial":"edc673eaa9320f9771bd"},{"id":"558695847695@s.whatsapp.net","name":"꧁ঔৣ☬✞DʌʀĸPʀɩŋcɘ✞☬ঔৣ꧂","age":"558695847695@s.whatsapp.net","time":"27/03 22:52:47","serial":"c2544488f1f0c360e64e"},{"id":"556798070389@s.whatsapp.net","name":"Salles","age":"556798070389@s.whatsapp.net","time":"27/03 23:30:57","serial":"c6902894d69f3526032f"},{"id":"5511993560912@s.whatsapp.net","name":"Leo","age":"5511993560912@s.whatsapp.net","time":"27/03 23:44:10","serial":"4c16d8fbee6f3fc33dc5"},{"id":"559981160911@s.whatsapp.net","name":"🤝🏼","age":"559981160911@s.whatsapp.net","time":"27/03 23:49:58","serial":"4170b689b958f644f696"},{"id":"556798889565@s.whatsapp.net","name":"L ª R ª","age":"556798889565@s.whatsapp.net","time":"27/03 23:54:50","serial":"e5cfffd22f463e6c972d"},{"id":"12704553151@s.whatsapp.net","name":"Baiano","age":"12704553151@s.whatsapp.net","time":"27/03 23:59:22","serial":"d2072c57cf668310c95f"},{"id":"556796055672@s.whatsapp.net","name":"Jose Ryan","age":"556796055672@s.whatsapp.net","time":"28/03 00:10:06","serial":"b2be52c1518db6924960"},{"id":"556784513478@s.whatsapp.net","name":"ガブリエル カイケ😴(Gabriel Kaike)","age":"556784513478@s.whatsapp.net","time":"28/03 00:22:56","serial":"9ce768d71217a8814b28"},{"id":"555197696362@s.whatsapp.net","name":"꧁💎ⒺⓇⒾⓀ💎 ꧂","age":"555197696362@s.whatsapp.net","time":"28/03 01:00:54","serial":"ad9e533ff2bfd07f5e6a"},{"id":"18123736608@s.whatsapp.net","name":"jhon androidera","age":"18123736608@s.whatsapp.net","time":"28/03 01:01:43","serial":"5b858cea171f32eafe3b"},{"id":"554599274904@s.whatsapp.net","name":"Star✨💕~","age":"554599274904@s.whatsapp.net","time":"28/03 01:04:22","serial":"6ab78950726a89ce484f"},{"id":"558597841064@s.whatsapp.net","name":"Andre Luis","age":"558597841064@s.whatsapp.net","time":"28/03 01:18:59","serial":"e8786c68374fae2216cb"},{"id":"553171052962@s.whatsapp.net","name":"𝑷𝑪𝑾¹⁵⁷ 𓇽͢  𝑽𝒊𝒕𝒐","age":"553171052962@s.whatsapp.net","time":"28/03 01:45:22","serial":"8b704f73d599710d6423"},{"id":"558282213538@s.whatsapp.net","name":"🇷🇺⃟Adolfho⏤͟͞𝘼𝙯𝙧𝙤あ͜͡꙰𝑩【TN】","age":"558282213538@s.whatsapp.net","time":"28/03 02:50:36","serial":"f6b2296cede47aa7a133"},{"id":"5522998410158@s.whatsapp.net","name":"Bruno.🔥","age":"5522998410158@s.whatsapp.net","time":"28/03 03:32:45","serial":"cf66c57af097377b2a3d"},{"id":"5511952225182@s.whatsapp.net","name":"Abacato🥑","age":"5511952225182@s.whatsapp.net","time":"28/03 03:40:56","serial":"40b7393cff9ef3bd2f0c"},{"id":"556798199272@s.whatsapp.net","name":"Rafael Tomazini","age":"556798199272@s.whatsapp.net","time":"28/03 03:57:23","serial":"65d16d5dc63a99c829e4"},{"id":"556791178604@s.whatsapp.net","name":"~Jão Vitor~","age":"556791178604@s.whatsapp.net","time":"28/03 03:59:52","serial":"b821df6dbf0606589ece"},{"id":"13609380339@s.whatsapp.net","name":"Ojiṣẹ Otitọ","age":"13609380339@s.whatsapp.net","time":"28/03 05:14:42","serial":"3276b9fb0d0d6a9154cf"},{"id":"558398960052@s.whatsapp.net","name":"lil_silva9","age":"558398960052@s.whatsapp.net","time":"28/03 06:45:37","serial":"be4ff4db4b68aa3241f1"},{"id":"50765173793@s.whatsapp.net","name":"Infer 🤑","age":"50765173793@s.whatsapp.net","time":"28/03 06:55:35","serial":"9a4308bf6b79ca42bbd1"},{"id":"558184898308@s.whatsapp.net","name":"ッ⩔Ɨ₦Ɨ么","age":"558184898308@s.whatsapp.net","time":"28/03 07:40:39","serial":"341ca83d49cc81a3c07b"},{"id":"5522999186083@s.whatsapp.net","name":"✧͜͡҉𝐀𝐓𝐙 | Nielzera 🚩","age":"5522999186083@s.whatsapp.net","time":"28/03 07:43:06","serial":"0c7fced763d35e16342e"},{"id":"555197858127@s.whatsapp.net","name":"G⃟ U I ⃟LH ⃟E R ⃟⃟M  ⃟E","age":"555197858127@s.whatsapp.net","time":"28/03 07:43:29","serial":"9b1cd30ed8a82ba53d37"},{"id":"557183935799@s.whatsapp.net","name":"Nerd Place","age":"557183935799@s.whatsapp.net","time":"28/03 08:13:42","serial":"dc12b4178a040e14793e"},{"id":"5527995903673@s.whatsapp.net","name":"Ramon","age":"5527995903673@s.whatsapp.net","time":"28/03 08:13:58","serial":"cfe8fee5709f292fab8b"},{"id":"558198780687@s.whatsapp.net","name":"\\>J","age":"558198780687@s.whatsapp.net","time":"28/03 08:21:08","serial":"636e7193fa95d39fbdfe"},{"id":"558498651389@s.whatsapp.net","name":"⠀","age":"558498651389@s.whatsapp.net","time":"28/03 08:26:50","serial":"681f181a53d56a52c4ff"},{"id":"556492263369@s.whatsapp.net","name":"Nicolas Nascimento","age":"556492263369@s.whatsapp.net","time":"28/03 08:27:17","serial":"da103a87d719771d31eb"},{"id":"556293511165@s.whatsapp.net","name":"🎩匚モㄥモち匕工丹ㄥ💯🎭","age":"556293511165@s.whatsapp.net","time":"28/03 08:33:41","serial":"47706d08a396fe0503e3"},{"id":"559481417512@s.whatsapp.net","name":"ꪶᬊ͜͡𝑻𝒐𝒃𝒊𝒛𝒊𝒏 ꫂ🚩","age":"559481417512@s.whatsapp.net","time":"28/03 08:34:34","serial":"2861cfdf3301c76f6235"},{"id":"557488345253@s.whatsapp.net","name":"Don","age":"557488345253@s.whatsapp.net","time":"28/03 08:41:58","serial":"506776700ce5b86cd7da"},{"id":"5511944894108@s.whatsapp.net","name":"undefined","age":"5511944894108@s.whatsapp.net","time":"28/03 09:20:32","serial":"8e58fd358c80e5bd2295"},{"id":"5513974150998@s.whatsapp.net","name":"CØELHØ😅(҂⌣̀_⌣́)","age":"5513974150998@s.whatsapp.net","time":"28/03 09:45:25","serial":"88522fc00b237a5356d6"},{"id":"556993373432@s.whatsapp.net","name":"João Gabriel","age":"556993373432@s.whatsapp.net","time":"28/03 10:00:17","serial":"2f6a302c3f09ca57922b"},{"id":"351966878079@s.whatsapp.net","name":"⏤͟͟͞͞𝑹ΛY ͢ 𝑫𝜩 ͢ 𝜮𝐼𝐵𝑹Λ♞","age":"351966878079@s.whatsapp.net","time":"28/03 10:00:21","serial":"029a90e39b89d12720a2"},{"id":"559491502154@s.whatsapp.net","name":"🦋Lara Alicia Duarte De A.","age":"559491502154@s.whatsapp.net","time":"28/03 19:28:25","serial":"b8f49660773f81321c2a"},{"id":"553791819625@s.whatsapp.net","name":"NERY 𝜣𝑭 𝜯𝑪𝑾 ⛥⃟🥉","age":"553791819625@s.whatsapp.net","time":"28/03 20:14:44","serial":"9bc2d3b3b5332f60fad4"},{"id":"18164419551@s.whatsapp.net","name":"🔥፝⃟༘𝑴𝑫𝑷 Gabriel cp","age":"18164419551@s.whatsapp.net","time":"28/03 20:14:59","serial":"b86297b1588be6d41504"},{"id":"557598919765@s.whatsapp.net","name":"Fabiano Porto lima","age":"557598919765@s.whatsapp.net","time":"28/03 20:23:20","serial":"06fb79fff45ba5c24e8f"},{"id":"5515996830229@s.whatsapp.net","name":"Gabriel","age":"5515996830229@s.whatsapp.net","time":"28/03 20:24:25","serial":"0f9c0fc89033c21a2f76"},{"id":"554298082033@s.whatsapp.net","name":"Danilo","age":"554298082033@s.whatsapp.net","time":"28/03 20:25:15","serial":"9f09f42f12ab756c1f95"},{"id":"557491378211@s.whatsapp.net","name":"George","age":"557491378211@s.whatsapp.net","time":"28/03 20:52:26","serial":"4d63b131c85ca10ed221"},{"id":"17177228796@s.whatsapp.net","name":"£â$t_ørd€m","age":"17177228796@s.whatsapp.net","time":"28/03 20:53:24","serial":"e1bb00657be79c73edc6"},{"id":"5521981312790@s.whatsapp.net","name":"✞⃟❐͜͡ℋℰℒℒ𝒪✞ ⃝༘⃕🍒𝒦𝓲ττꪗ✞⃟❐","age":"5521981312790@s.whatsapp.net","time":"28/03 22:07:04","serial":"bede0d8ade74cc25e0ca"},{"id":"559591720805@s.whatsapp.net","name":"\"ꪶ⚘࿆ꦿི🌒𝐸𝑠𝑐𝑎𝑚𝑜𝑠𝑜 𝐽𝑟 🌒⁩⁩⁩⁩ꪶ","age":"559591720805@s.whatsapp.net","time":"28/03 23:33:20","serial":"5cc84eef66d702567562"},{"id":"555186074829@s.whatsapp.net","name":"SYLEX KMM","age":"555186074829@s.whatsapp.net","time":"29/03 02:39:34","serial":"268f41602f7d0cecf3b5"},{"id":"555484125085@s.whatsapp.net","name":"CarlosLimaa","age":"555484125085@s.whatsapp.net","time":"29/03 03:31:31","serial":"cea9413a895e73fc46d1"},{"id":"554999929075@s.whatsapp.net","name":"Carl Johnson (CJ)","age":"554999929075@s.whatsapp.net","time":"29/03 03:31:58","serial":"1d2f57f9eff8687d78d0"},{"id":"559991102956@s.whatsapp.net","name":"Gustavo","age":"559991102956@s.whatsapp.net","time":"29/03 05:41:18","serial":"17dbf386874576e218ca"},{"id":"556284971148@s.whatsapp.net","name":"Ferreira🎭🥋","age":"556284971148@s.whatsapp.net","time":"29/03 05:54:32","serial":"6a2ab541afe137381461"},{"id":"558994699908@s.whatsapp.net","name":"Attp","age":"558994699908@s.whatsapp.net","time":"29/03 09:05:52","serial":"e6e0fdd3f6b21a3b9ddd"},{"id":"553186626418@s.whatsapp.net","name":".","age":"553186626418@s.whatsapp.net","time":"29/03 09:39:47","serial":"0d58dc9eae9a9cd80551"},{"id":"5493873415967@s.whatsapp.net","name":"Fran","age":"5493873415967@s.whatsapp.net","time":"29/03 10:53:55","serial":"f1c34faea0fff1e8c79c"},{"id":"5515997121452@s.whatsapp.net","name":"Kaue😎","age":"5515997121452@s.whatsapp.net","time":"29/03 13:38:32","serial":"aa3a29d53319c170a5ed"},{"id":"13607616234@s.whatsapp.net","name":"༒ GUUҤ༒","age":"13607616234@s.whatsapp.net","time":"30/03 01:00:06","serial":"80e6712df8c8a0004855"},{"id":"553398499359@s.whatsapp.net","name":"🦋𒀸࿈༈𝆹𝅥𝐴𝑖𝑦𝑎𝆹𝅥༈࿈١⃤𝄣͙𑱠⁩⁩⁩","age":"553398499359@s.whatsapp.net","time":"30/03 01:54:55","serial":"b1124af4dddabca9e760"},{"id":"555197280324@s.whatsapp.net","name":"🧸𝐁𝐑𝚵𝐍𝐃𝜟 𝐅𝜣𝐅𝐙𝜟𝐏🦄","age":"555197280324@s.whatsapp.net","time":"30/03 03:03:40","serial":"970a7ba1504ce2f9bdbf"},{"id":"556791417946@s.whatsapp.net","name":"naju","age":"556791417946@s.whatsapp.net","time":"30/03 19:18:43","serial":"183d6ea1e5f2b0d4d27e"},{"id":"556592013876@s.whatsapp.net","name":"8TWT8","age":"556592013876@s.whatsapp.net","time":"31/03 04:12:15","serial":"a64b017d9a4eb9177906"},{"id":"557999633943@s.whatsapp.net","name":"$","age":"557999633943@s.whatsapp.net","time":"31/03 04:12:30","serial":"a73feb47bda9255e531d"},{"id":"556284130454@s.whatsapp.net","name":"Gustavo (Ace)","age":"556284130454@s.whatsapp.net","time":"31/03 04:13:43","serial":"d310d6d35081e044c311"}]